Tank;Type;Tier;Battles;Avg Battles;Damage;Kills;Owners;WR;Owner WN8;Tank WN8;Nation
T-34;Medium;T5;37577437;131;315;0.61;286492;50.10%;1102;810;SU
Premium T14;Heavy;T5;6265943;124;451;0.96;50531;51.46%;1210;1042;US
Premium Type 59;Medium;T8;31048488;872;1120;0.95;35594;52.23%;1503;1626;CN
Vickers Medium Mk. I;Medium;T1;5792683;13;90;0.72;433413;49.45%;899;453;UK
Kolohousenka;Light;T1;1494294;5;117;0.9;273960;50.64%;890;630;CZ
Strv fm/21;Light;T1;1264089;4;118;0.85;275572;50.50%;875;771;SE
Premium Pudel;Medium;T6;3025574;96;682;0.85;31433;52.64%;1224;1287;PL
Fiat 3000;Light;T1;582177;3;119;0.92;177603;49.79%;882;651;IT
SU-85;TD;T5;25277191;104;395;0.77;242853;49.82%;1140;848;SU
Hummel;SPG;T6;33803399;177;725;0.83;190001;48.85%;1160;968;DE
M3 Stuart;Light;T3;7459419;25;120;0.47;289642;49.39%;990;527;US
Premium Type 62;Light;T7;7877110;257;669;0.68;30598;51.19%;1494;1527;CN
D2;Medium;T3;3699270;17;126;0.52;213659;49.65%;1014;473;FR
Vickers Medium Mk. II;Medium;T2;2950595;11;89;0.48;257358;47.56%;889;338;UK
Chi-Ni;Medium;T2;1473515;8;103;0.6;169605;48.73%;928;571;JP
LT vz. 35;Light;T2;1370383;6;123;0.64;200389;49.75%;869;665;CZ
Strv m/38;Light;T2;1053275;6;126;0.68;170999;49.49%;879;655;SE
Premium TKS z n.k.m. 20 mm;Light;T2;1247076;7;111;0.56;174183;49.70%;956;634;PL
L6/40;Light;T2;207346;5;144;0.78;39315;50.91%;921;785;IT
IS;Heavy;T7;74515035;242;786;0.75;307288;49.49%;1150;1066;SU
Tiger I;Heavy;T7;62646290;288;828;0.73;217404;49.23%;1164;1031;DE
T1 Cunningham;Light;T1;16832172;36;117;0.9;457134;51.18%;953;549;US
Premium Type 59 G;Medium;T8;20946;44;1572;1.18;475;55.17%;1761;1872;CN
Renault FT;Light;T1;2837704;7;75;0.55;382830;48.67%;914;359;FR
M2;Light;T2;1124532;12;132;0.76;91736;50.73%;824;694;GB
Renault Otsu;Light;T1;2307792;6;102;0.81;332918;50.00%;897;628;JP
LT vz. 38;Light;T3;3665879;17;141;0.47;207321;49.33%;937;550;CZ
Strv m/40L;Light;T3;2290119;13;161;0.58;166655;49.90%;932;582;SE
M14/41;Medium;T2;509584;5;164;0.9;99520;51.57%;834;812;IT
BT-7;Light;T3;8637045;37;97;0.36;230968;47.70%;987;383;SU
Pz.Kpfw. 35 (t);Light;T2;7800980;24;125;0.71;313822;49.67%;940;437;DE
M6;Heavy;T6;26173390;156;594;0.71;167610;49.29%;1186;940;US
Premium WZ-111;Heavy;T8;12170495;387;1306;0.99;31397;52.69%;1600;1655;CN
Renault FT 75 BS;SPG;T2;1903771;10;131;0.82;182218;50.88%;944;637;FR
Matilda;Medium;T4;21005682;88;332;0.85;238165;52.49%;1017;775;GB
Type 95 Ha-Go;Light;T2;862590;8;123;0.68;96218;49.08%;915;601;JP
ST vz. 39;Medium;T4;5145082;28;209;0.53;183107;49.53%;1047;724;CZ
Lago;Medium;T4;4598820;28;232;0.59;158587;49.93%;1030;809;SE
Premium 50TP prototyp;Heavy;T8;3422673;82;1306;0.83;41599;52.59%;1281;1380;PL
M15/42;Medium;T3;1459185;11;215;0.8;125503;50.53%;905;793;IT
BT-2;Light;T2;8160270;32;136;0.78;253888;50.49%;973;532;SU
StuG III Ausf. G;TD;T5;44260578;156;402;0.78;283475;49.41%;1042;717;DE
M4A1 Sherman;Medium;T5;24146635;128;415;0.84;187634;51.82%;1190;1048;US
T-34-1;Medium;T7;8645484;139;813;0.81;62094;51.60%;1368;1365;CN
B1;Heavy;T4;7727503;39;193;0.58;197397;48.30%;1097;597;FR
Cromwell;Medium;T6;60707111;269;589;0.84;225664;51.62%;1177;1139;GB
Type 5 Chi-Ri;Medium;T7;9228427;124;827;0.81;73943;49.70%;1442;1423;JP
Škoda T 24;Medium;T5;9823801;59;357;0.6;166194;49.33%;1182;1056;CZ
Strv m/42;Medium;T5;6162307;47;375;0.66;131108;49.92%;1150;1096;SE
4TP;Light;T1;563957;3;108;0.82;159398;50.08%;853;704;PL
P26/40;Medium;T4;2958148;23;282;0.73;123438;50.73%;1013;899;IT
Panther;Medium;T7;20103251;166;743;0.72;121051;50.56%;1355;1263;DE
M4A3E8 Sherman;Medium;T6;9545042;132;509;0.71;72156;50.87%;1278;1050;US
Renault NC-31;Light;T1;2334800;7;109;0.83;309305;49.43%;903;413;CN
Hotchkiss H35;Light;T2;2826388;12;143;0.84;220884;51.65%;1021;554;FR
Stuart I-IV;Light;T3;977195;12;141;0.54;77973;49.80%;883;629;GB
Type 3 Chi-Nu;Medium;T5;8652716;65;353;0.65;133045;49.72%;1232;1031;JP
Škoda T 25;Medium;T6;17699723;116;619;0.78;151673;50.45%;1287;1271;CZ
Strv 74;Medium;T6;8982448;77;623;0.76;116524;50.47%;1257;1269;SE
7TP;Light;T2;579284;5;149;0.77;109535;50.53%;824;708;PL
P.43;Medium;T5;3737560;35;363;0.66;104029;50.59%;1132;1068;IT
T-28;Medium;T4;29787678;76;197;0.51;388000;49.37%;996;474;SU
Jagdpanzer IV;TD;T6;29147282;135;503;0.7;214535;48.14%;1111;864;DE
T20;Medium;T7;12318863;121;814;0.81;101002;52.05%;1410;1413;US
T-34-2;Medium;T8;6646203;168;902;0.71;39489;48.89%;1419;1249;CN
D1;Light;T2;1650411;7;80;0.47;224610;47.48%;961;364;FR
Grant;Medium;T4;1565655;24;228;0.6;64187;49.57%;1011;779;GB
Type 1 Chi-He;Medium;T4;4718395;36;226;0.59;128128;50.03%;1112;822;JP
Konštrukta T-34/100;Medium;T7;12796281;110;822;0.79;115496;50.40%;1364;1353;CZ
Leo;Medium;T7;9909125;108;830;0.8;91085;50.93%;1335;1375;SE
10TP;Light;T3;1080990;10;150;0.53;106700;49.10%;861;627;PL
P.43 bis;Medium;T6;5195315;58;621;0.81;88519;50.94%;1242;1270;IT
S-51;SPG;T7;15484723;175;951;0.78;88063;49.85%;1336;961;SU
Jagdpanzer 38(t) Hetzer;TD;T4;36834855;113;268;0.86;325738;50.26%;997;580;DE
M2 Light Tank;Light;T2;10423335;34;179;1.08;300774;52.79%;968;592;US
WZ-120;Medium;T9;10485516;221;1361;0.85;47258;49.86%;1541;1415;CN
Type 4 Chi-To;Medium;T6;9048407;93;621;0.8;97193;49.58%;1351;1248;JP
TVP VTU Koncept;Medium;T8;10301229;126;956;0.69;81498;48.87%;1447;1276;CZ
Emil I;Heavy;T8;10303268;139;1319;0.94;74034;52.17%;1414;1552;SE
14TP;Light;T4;2031631;20;162;0.4;99941;49.22%;970;624;PL
P.43 ter;Medium;T7;4752759;74;859;0.86;64089;51.65%;1312;1427;IT
A-20;Light;T4;12174095;57;109;0.28;211839;48.27%;1024;355;SU
Pz.Kpfw. II;Light;T2;12621200;35;151;0.88;359611;51.27%;949;522;DE
T1 HMC;SPG;T2;4795136;17;118;0.66;270416;49.17%;926;443;US
WZ-111 model 1-4;Heavy;T9;17011189;228;1705;0.93;74467;52.02%;1560;1689;CN
Premium 105 leFH18B2;SPG;T5;10968704;150;669;1.35;72642;54.51%;1322;1247;FR
Crusader;Medium;T5;17845228;73;254;0.51;242725;48.63%;1083;687;GB
Type 97 Chi-Ha;Medium;T3;2834566;18;175;0.68;151738;50.37%;996;619;JP
Škoda T 50;Medium;T9;15630935;223;1822;1.15;70086;52.41%;1560;1705;CZ
Emil II;Heavy;T9;7385703;152;1694;1.01;48558;52.38%;1514;1643;SE
25TP KSUST II;Medium;T5;2707640;34;338;0.57;79633;49.90%;1103;852;PL
P.44 Pantera;Medium;T8;5741109;103;1155;0.84;55422;50.50%;1392;1487;IT
SU-152;TD;T7;26790667;172;803;0.83;155206;49.55%;1254;1140;SU
VK 36.01 (H);Heavy;T6;42192974;199;530;0.7;211465;49.53%;1112;860;DE
Vickers Mk. E Type B;Light;T2;2974406;11;125;0.7;256733;49.67%;941;480;CN
Premium FCM 36 Pak 40;TD;T3;4766566;95;391;1.59;49838;57.72%;1345;1199;FR
Vickers Medium Mk. III;Medium;T3;5029457;21;113;0.42;234567;48.26%;921;412;UK
Type 98 Ke-Ni;Light;T3;1241880;17;162;0.63;72819;50.43%;996;712;JP
TVP T 50/51;Medium;T10;15302261;280;2274;1.3;54488;51.48%;1632;1752;CZ
Kranvagn;Heavy;T10;2972556;100;2161;1.08;29609;51.37%;1617;1699;SE
40TP Habicha;Medium;T6;3323844;48;568;0.69;69141;49.79%;1195;1083;PL
Prototipo Standard B;Medium;T9;5795999;146;1831;1.17;39448;51.87%;1485;1642;IT
T-34-85;Medium;T6;49828905;249;547;0.72;200109;50.60%;1128;1034;SU
VK 30.01 (H);Heavy;T5;17852174;107;416;0.67;166236;48.70%;1134;826;DE
T30;TD;T9;31001750;308;1635;0.94;100374;49.58%;1372;1406;US
ARL 44;Heavy;T6;23474980;143;632;0.71;163602;49.29%;1276;1149;FR
STA-1;Medium;T8;10360444;173;1095;0.81;59575;50.47%;1529;1508;JP
Pvlvv fm/42;TD;T2;1132961;5;80;0.42;200949;48.25%;876;334;SE
45TP Habicha;Heavy;T7;3965497;71;947;0.84;55426;51.15%;1283;1336;PL
Progetto M40 mod. 65;Medium;T10;4488796;155;2335;1.34;28854;51.95%;1553;1671;IT
KV-85;Heavy;T6;111646003;359;647;0.83;310428;50.49%;1105;979;SU
Sturmpanzer I Bison;SPG;T3;3867071;21;143;0.53;182313;49.19%;1027;349;DE
Premium T34;Heavy;T8;81433470;667;1188;0.76;121958;50.11%;1225;1220;US
110;Heavy;T8;14891957;159;1129;0.77;93373;50.83%;1467;1378;CN
AMX 40;Light;T4;10796926;36;145;0.42;292562;48.80%;1041;593;FR
Churchill I;Heavy;T5;21255419;93;394;0.7;226714;49.26%;1094;820;GB
Type 5 Ke-Ho;Light;T4;2607338;44;278;0.75;58774;52.22%;1117;995;JP
Ikv 72;TD;T3;3238888;15;170;0.64;211668;49.55%;927;509;SE
53TP Markowskiego;Heavy;T8;4298339;92;1196;0.76;46301;50.61%;1342;1411;PL
T-46;Light;T3;14516176;36;115;0.45;402676;48.39%;968;445;SU
Leichttraktor;Light;T1;14878299;30;129;0.96;485872;51.20%;926;538;DE
M3 Lee;Medium;T4;17955518;55;180;0.5;323283;48.59%;1006;575;US
M5A1 Stuart;Light;T4;12013151;49;183;0.47;243151;49.98%;1096;701;CN
AMX 50 100;Heavy;T8;30340252;242;1290;1;124905;50.63%;1407;1456;FR
Black Prince;Heavy;T7;14519927;115;768;0.7;125347;50.51%;1289;1144;GB
Premium Type 97 Te-Ke;Light;T2;1521282;11;130;0.7;135111;50.09%;1131;617;JP
Sav m/43;TD;T4;5734877;27;214;0.63;205066;49.14%;1008;590;SE
50TP Tyszkiewicza;Heavy;T9;3989606;117;1698;0.92;33968;52.30%;1402;1543;PL
MS-1;Light;T1;6986628;15;116;0.89;455116;50.85%;928;451;SU
Pz.Kpfw. 38 (t);Light;T3;11004639;38;153;0.62;286317;50.14%;969;381;DE
T1 Heavy Tank;Heavy;T5;24317326;119;411;0.76;203408;49.70%;1114;816;US
WZ-131;Light;T7;14654561;148;603;0.57;98950;49.66%;1387;1303;CN
Lorraine 39L AM;SPG;T3;3769570;22;222;0.7;165538;50.10%;1006;553;FR
Sexton II;SPG;T3;3605737;21;126;0.5;168475;49.18%;977;462;GB
Type 61;Medium;T9;8674594;210;1607;0.96;41159;51.08%;1636;1683;JP
Ikv 103;TD;T5;8954516;50;341;0.69;177512;48.91%;1125;810;SE
60TP Lewandowskiego;Heavy;T10;2730230;100;2216;1;27252;51.59%;1453;1541;PL
SU-100;TD;T6;34002668;166;677;0.94;204068;51.42%;1213;1208;SU
Panzerjäger I;TD;T2;6359205;17;156;0.91;359071;50.35%;936;409;DE
M7 Priest;SPG;T3;7717571;38;320;0.71;199242;48.82%;980;514;US
IS-2;Heavy;T7;15285874;137;958;0.89;111438;51.72%;1409;1410;CN
Bat.-Châtillon 25 t;Medium;T10;52578685;505;2041;1.28;103916;51.39%;1554;1633;FR
Sherman Firefly;Medium;T6;3932264;98;626;0.79;40048;50.01%;1263;1209;UK
STB-1;Medium;T10;6746758;210;2147;1.16;31997;51.96%;1718;1755;JP
Ikv 65 Alt II;TD;T6;11238009;78;619;0.75;143434;49.49%;1222;1136;SE
SU-18;SPG;T2;3094686;14;129;0.76;215263;49.46%;930;631;SU
Jagdpanther;TD;T7;35866280;217;837;0.81;164667;49.41%;1185;1080;DE
T29;Heavy;T7;57426902;280;985;0.87;204964;51.77%;1250;1298;US
WZ-132;Light;T8;20017956;262;830;0.65;76385;50.84%;1468;1464;CN
AMX 50 120;Heavy;T9;17932464;205;1603;0.99;87262;49.60%;1505;1541;FR
Caernarvon;Heavy;T8;16558896;152;1061;0.69;108728;49.91%;1384;1361;GB
Type 5 Heavy;Heavy;T10;7705944;151;2210;0.98;50744;52.17%;1454;1526;JP
Ikv 90 Typ B;TD;T7;10137862;98;803;0.76;103302;48.61%;1293;1157;SE
SU-14-2;SPG;T8;12267884;222;1210;0.82;55188;50.48%;1387;1322;SU
VK 30.02 (D);Medium;T7;11140859;141;661;0.71;78472;49.36%;1289;1092;DE
M41 HMC;SPG;T5;18410210;91;536;0.78;200965;49.28%;1175;666;US
121;Medium;T10;6138736;204;1938;1.03;30087;49.92%;1624;1616;CN
AMX 13 105 AM mle. 50;SPG;T5;8497139;78;410;0.76;108152;47.87%;1159;763;FR
Type 4 Heavy;Heavy;T9;14814781;196;1450;0.76;75487;50.64%;1361;1383;JP
UDES 03;TD;T8;14375541;165;1251;0.84;87097;49.23%;1370;1283;SE
T-44;Medium;T8;36774842;235;902;0.7;155954;50.16%;1335;1260;SU
Pz.Kpfw. III Ausf. J;Medium;T4;13104976;74;148;0.45;175178;49.35%;1091;395;DE
T32;Heavy;T8;33397512;205;1093;0.76;162341;50.64%;1322;1279;US
Type 2597 Chi-Ha;Light;T3;4932455;20;166;0.66;239563;50.40%;997;516;CN
Renault G1;Medium;T5;1574766;61;333;0.65;25417;48.74%;1057;813;FR
Conqueror;Heavy;T9;19811426;215;1623;0.86;91971;50.81%;1464;1599;GB
Type 95 Heavy;Heavy;T4;5675666;29;195;0.55;190198;47.82%;934;657;JP
Strv 103-0;TD;T9;10807573;187;1777;1.02;57789;50.49%;1464;1562;SE
T-26;Light;T2;5935494;15;115;0.64;386017;49.25%;941;473;SU
Sturmpanzer II;SPG;T4;7239751;51;237;0.6;139903;48.84%;1053;641;DE
M37;SPG;T4;9721771;50;246;0.63;193095;49.05%;1066;742;US
Type T-34;Medium;T5;20375910;94;363;0.73;216142;49.72%;1201;1019;CN
AMX 13 F3 AM;SPG;T6;18293727;135;715;0.86;135198;49.72%;1253;990;FR
Churchill VII;Heavy;T6;15379979;90;527;0.66;170714;48.91%;1188;994;GB
Type 91 Heavy;Heavy;T3;2829603;14;116;0.41;192481;47.09%;842;405;JP
Strv 103B;TD;T10;6856130;172;2287;1.16;39665;50.93%;1540;1595;SE
SU-5;SPG;T4;7245347;55;361;0.72;129523;49.55%;1025;589;SU
Pz.Kpfw. III Ausf. E;Light;T3;12136999;39;122;0.49;306875;49.33%;971;416;DE
M2 Medium Tank;Medium;T3;11865326;34;139;0.59;347636;49.17%;944;393;US
59-16;Light;T6;12967248;104;354;0.5;123922;49.18%;1315;1016;CN
AMX 13 90;Light;T9;58376328;439;884;0.72;132852;50.74%;1457;1300;FR
Valentine;Light;T4;4723894;35;216;0.55;132555;50.26%;1061;911;GB
O-Ho;Heavy;T8;14323601;139;1123;0.69;102343;50.73%;1274;1246;JP
UDES 14 Alt 5;Medium;T8;2175442;63;1276;0.89;34491;51.48%;1438;1533;SE
AT-1;TD;T2;3361142;12;121;0.7;267548;49.05%;943;363;SU
Tiger II;Heavy;T8;57632128;298;1016;0.69;193126;48.38%;1220;1136;DE
M5 Stuart;Light;T4;13609879;49;121;0.32;273600;49.31%;1069;419;US
Type 58;Medium;T6;18865936;129;563;0.77;146119;50.19%;1315;1226;CN
AMX 13 75;Light;T7;31232017;146;526;0.55;213109;49.12%;1283;1084;FR
Cruiser Mk. I;Light;T2;1896705;11;128;0.7;171344;48.84%;895;529;UK
O-Ni;Heavy;T7;16782502;120;949;0.84;138809;52.62%;1202;1292;JP
UDES 16;Medium;T9;1672248;81;1651;0.95;20540;51.70%;1557;1611;SE
IS-3;Heavy;T8;133366641;474;1163;0.8;280972;50.42%;1197;1275;SU
VK 16.02 Leopard;Light;T5;19054885;89;215;0.38;213149;49.52%;1106;655;DE
M7;Light;T5;12141665;79;249;0.52;153164;49.44%;1193;906;US
113;Heavy;T10;6174087;154;2122;1.01;39894;51.58%;1689;1745;CN
Comet;Medium;T7;18838945;123;695;0.73;152726;49.54%;1248;1167;GB
O-I;Heavy;T6;29086645;156;725;0.94;185470;52.27%;1146;1190;JP
UDES 15/16;Medium;T10;552912;45;2245;1.14;12049;52.47%;1631;1641;SE
SU-8;SPG;T6;9983205;159;742;0.84;62457;49.76%;1200;911;SU
Grille;SPG;T5;30010040;136;505;0.87;219668;50.19%;1091;915;DE
T2 Medium Tank;Medium;T2;5645681;16;103;0.55;337169;49.13%;930;488;US
WZ-132A;Light;T9;4348658;145;1109;0.74;29876;49.63%;1597;1597;CN
Bat.-Châtillon 25 t AP;Medium;T9;26388537;218;1366;0.96;120879;49.30%;1493;1461;FR
Centurion Mk. 7/1;Medium;T9;15701169;222;1538;0.89;70462;50.63%;1487;1530;UK
O-I Experimental;Heavy;T5;16337591;84;553;1.01;192808;51.55%;1079;1004;JP
KV-3;Heavy;T7;19975175;132;794;0.73;150291;49.84%;1190;1080;SU
Wespe;SPG;T3;6342857;32;181;0.59;196951;48.82%;934;474;DE
M26 Pershing;Medium;T8;13002848;164;1062;0.8;79061;51.20%;1504;1479;US
WZ-132-1;Light;T10;1623696;112;1559;0.89;14383;49.94%;1726;1738;CN
AMX 38;Light;T3;4704532;15;97;0.42;299003;49.68%;979;410;FR
Centurion Mk. I;Medium;T8;16687982;160;969;0.68;103857;50.35%;1361;1301;UK
Type 89 I-Go/Chi-Ro;Medium;T2;1229216;6;121;0.72;178634;49.37%;796;616;JP
IS-4;Heavy;T10;13209924;211;1873;0.91;62364;49.78%;1459;1508;SU
Pz.Kpfw. II Luchs;Light;T4;22252424;78;222;0.58;285032;52.02%;1017;548;DE
T3 HMC;TD;T2;16662429;47;198;1.33;347158;51.83%;969;512;US
WZ-111 model 5A;Heavy;T10;5038575;103;2485;1.13;48780;52.61%;1654;1725;CN
AMX 50 B;Heavy;T10;16404218;259;2201;1.19;63191;50.74%;1612;1728;FR
Premium FV215b;Heavy;T10;6559360;174;2051;0.99;37571;50.30%;1626;1624;UK
SU-76M;TD;T3;7121458;27;169;0.67;258780;48.66%;990;413;SU
Pz.Kpfw. III/IV;Medium;T5;21254858;140;267;0.53;150770;48.26%;1125;700;DE
T56 GMC;TD;T3;8742094;27;155;0.64;323200;49.03%;986;356;US
T-26G FT;TD;T2;405933;6;135;0.8;65581;51.16%;862;484;CN
AMX 12 t;Light;T6;36791979;138;398;0.51;266207;49.44%;1198;1023;FR
Covenanter;Light;T4;16541495;56;166;0.45;293822;49.43%;1001;656;GB
T-43;Medium;T7;23157975;132;675;0.71;175185;50.44%;1247;1177;SU
Marder II;TD;T3;15680132;44;205;0.77;351557;50.94%;978;437;DE
M3G FT;TD;T3;922456;13;212;0.88;66202;50.16%;936;646;CN
BDR G1 B;Heavy;T5;15877433;91;465;0.83;174199;49.81%;1217;955;FR
SU-85B;TD;T4;14987606;64;325;0.87;230873;51.07%;1050;642;SU
Maus;Heavy;T10;11682980;180;1896;0.92;64631;51.26%;1480;1483;DE
M10 Wolverine;TD;T5;14979129;116;431;0.84;128496;50.99%;1149;907;US
SU-76G FT;TD;T4;1613371;27;357;0.95;57777;51.69%;1046;835;CN
AMX M4 mle. 45;Heavy;T7;16151153;122;844;0.71;132298;49.42%;1335;1215;FR
Cruiser Mk. II;Light;T3;3790006;24;190;0.85;152679;50.97%;981;657;UK
IS-7;Heavy;T10;59158738;337;1804;0.86;175433;49.46%;1335;1427;SU
VK 30.01 (P);Medium;T6;26951853;140;489;0.63;192493;48.75%;1167;928;DE
M36 Jackson;TD;T6;10927240;137;648;0.82;79633;51.21%;1232;1131;US
60G FT;TD;T5;1746911;36;423;0.76;47930;49.77%;1146;934;CN
Lorraine 155 mle. 50;SPG;T7;17008881;158;869;0.76;107215;48.98%;1303;1043;FR
Centurion Action X;Medium;T10;11263151;208;2003;1.02;53930;50.42%;1569;1602;UK
ISU-152;TD;T8;37637711;308;1325;0.99;121832;49.65%;1318;1301;SU
VK 45.02 (P) Ausf. B;Heavy;T9;16822921;245;1471;0.82;68525;50.41%;1425;1448;DE
M40/M43;SPG;T8;30218409;284;1263;0.86;106127;50.91%;1376;1339;US
WZ-131G FT;TD;T6;2290943;62;679;0.88;36694;50.70%;1257;1249;CN
Lorraine 155 mle. 51;SPG;T8;19210215;237;1138;0.8;80785;49.42%;1354;1211;FR
Cruiser Mk. IV;Light;T3;7779762;27;165;0.64;286036;50.12%;944;530;UK
SU-26;SPG;T3;7357156;41;289;0.86;178828;51.50%;980;391;SU
Ferdinand;TD;T8;26507229;291;1293;0.94;90788;49.45%;1261;1221;DE
T40;TD;T4;10825627;67;337;0.9;161116;51.89%;1076;690;US
T-34-2G FT;TD;T7;2050009;82;931;0.98;24711;51.18%;1326;1369;CN
Renault FT AC;TD;T2;1693877;9;126;0.74;173518;48.35%;972;376;FR
Cruiser Mk. III;Light;T2;9510523;30;151;0.85;306946;51.20%;930;525;UK
T-54;Medium;T9;51845797;361;1390;0.9;143251;50.81%;1464;1482;SU
Jagdtiger;TD;T9;29904920;274;1694;1;108752;49.52%;1336;1413;DE
M12;SPG;T7;23929673;174;901;0.8;136933;50.07%;1297;1134;US
WZ-111-1G FT;TD;T8;2055985;118;1189;0.83;17345;48.88%;1395;1254;CN
Valentine AT;TD;T3;4425200;24;199;0.85;183575;50.31%;1014;623;GB
Object 704;TD;T9;21528968;265;1890;1.16;80980;51.09%;1413;1540;DE
Pz.Kpfw. 38 (t) n.A.;Light;T4;15639704;64;117;0.31;243371;48.64%;1020;356;DE
T28;TD;T8;10539516;135;1249;0.9;77508;50.69%;1368;1365;US
WZ-111G FT;TD;T9;1490362;151;1852;1.11;9823;51.19%;1510;1604;CN
Renault UE 57;TD;T3;3101833;20;169;0.67;152835;50.05%;1073;473;FR
Universal Carrier 2-pdr;TD;T2;2565876;11;115;0.67;215804;48.34%;932;410;UK
212A;SPG;T9;12424357;279;1505;0.9;44386;50.07%;1501;1450;SU
Panther II;Medium;T8;16246747;167;968;0.72;97233;50.08%;1432;1303;DE
T92 HMC;SPG;T10;16780324;361;1650;0.82;46381;49.24%;1500;1375;US
WZ-113G FT;TD;T10;337284;62;2032;1;5389;48.80%;1559;1454;CN
AT 15;TD;T8;9806929;160;1231;0.89;61196;51.15%;1404;1358;GB
Object 261;SPG;T10;15245985;468;1756;0.94;32532;50.27%;1565;1508;SU
G.W. Tiger;SPG;T9;18553307;283;1394;0.83;65443;48.73%;1380;1351;DE
T95;TD;T9;12537652;214;1739;1.06;58515;52.36%;1434;1509;US
AT 2;TD;T5;10092729;69;399;0.79;145584;52.74%;1164;969;GB
KV-13;Medium;T7;7966871;90;537;0.57;88120;48.88%;1224;776;SU
G.W. Panther;SPG;T7;41778911;276;988;0.86;151014;49.75%;1212;1135;DE
M46 Patton;Medium;T9;12086339;217;1641;1.02;55480;52.09%;1626;1680;US
Alecto;TD;T4;7649967;47;244;0.68;160462;49.96%;1090;665;GB
Premium IS-6;Heavy;T8;28628346;339;1275;0.98;84237;52.35%;1227;1233;SU
G.W. E 100;SPG;T10;16679156;394;1659;0.86;42291;49.07%;1452;1393;DE
T25 AT;TD;T7;7563467;138;850;0.84;54434;50.38%;1289;1181;US
Premium FV215b (183);TD;T10;17528998;336;2074;1.1;52030;48.95%;1519;1407;UK
T-50;Light;T5;14357753;92;140;0.35;155720;50.57%;1124;373;SU
E 100;Heavy;T10;39693798;349;1921;0.93;113607;49.86%;1377;1428;DE
M103;Heavy;T9;33011708;274;1426;0.79;120245;49.19%;1405;1368;US
AT 8;TD;T6;9655595;90;584;0.77;106942;52.05%;1234;1014;GB
E 75;Heavy;T9;49769867;334;1419;0.81;148692;49.44%;1311;1317;DE
M24 Chaffee;Light;T5;17737373;95;308;0.47;186673;50.95%;1199;1003;US
Somua SAu 40;TD;T4;4173321;34;226;0.64;122694;49.04%;1164;544;FR
Churchill Gun Carrier;TD;T6;1690798;71;501;0.62;23507;47.91%;1228;731;UK
SU-101;TD;T8;10285091;139;1178;0.86;73681;50.39%;1459;1385;SU
VK 28.01;Light;T6;14962666;107;338;0.43;138957;49.17%;1223;891;DE
M4A3E2 Sherman Jumbo;Medium;T6;15017681;130;557;0.76;114744;51.00%;1251;1113;US
S35 CA;TD;T5;7520607;77;556;1.06;97625;51.98%;1283;1217;FR
AT 7;TD;T7;8221494;104;972;0.91;78706;53.35%;1339;1309;GB
SU-100M1;TD;T7;9580587;96;928;0.92;98922;51.99%;1383;1410;SU
E 50;Medium;T9;20165683;269;1594;0.97;74872;51.33%;1539;1558;DE
M8A1;TD;T4;13057983;53;256;0.66;244262;50.48%;1034;601;US
KV-2;Heavy;T6;38368773;192;731;0.94;199250;52.23%;1172;1073;SU
VK 45.02 (P) Ausf. A;Heavy;T8;15037956;174;1028;0.72;86216;48.90%;1334;1239;DE
T67;TD;T5;49340728;208;510;1;236775;52.47%;1109;858;US
Loyd Gun Carriage;SPG;T2;1860999;9;88;0.61;188936;49.71%;894;489;UK
ST-I;Heavy;T9;16534046;245;1457;0.81;67258;50.55%;1359;1428;SU
Tiger (P);Heavy;T7;29311370;182;855;0.74;161022;50.32%;1233;1164;DE
T110E5;Heavy;T10;29769670;317;2006;0.98;93910;50.80%;1502;1568;US
AMX AC mle. 46;TD;T7;6967554;111;842;0.77;62517;49.69%;1419;1209;FR
Birch Gun;SPG;T4;5137542;37;222;0.59;135510;49.28%;1108;722;GB
KV-4;Heavy;T8;20925739;192;970;0.66;108546;49.55%;1250;1093;SU
Sturer Emil;TD;T7;18645115;133;824;0.79;139288;47.49%;1304;1122;DE
T25/2;TD;T7;29747528;162;744;0.69;183511;49.04%;1204;1078;US
AMX 50 Foch;TD;T9;7223102;203;1655;1.03;35537;51.15%;1575;1590;FR
Bishop;SPG;T5;8998908;69;494;0.92;130274;52.11%;1224;918;GB
T-150;Heavy;T6;38161151;173;616;0.77;219458;50.69%;1138;963;SU
Marder 38T;TD;T4;11248143;47;345;0.89;234799;51.15%;1086;820;DE
T28 Prototype;TD;T8;30346892;232;1176;0.82;130610;49.27%;1277;1238;US
Crusader 5.5-in. SP;SPG;T7;9298709;123;783;0.73;75130;49.80%;1391;1119;UK
T-10;Heavy;T9;69797538;326;1399;0.78;213845;49.08%;1291;1296;SU
Jagdpanther II;TD;T8;20165955;268;1256;0.91;75090;49.00%;1269;1241;DE
M18 Hellcat;TD;T6;77827503;307;697;0.9;253240;51.83%;1157;1021;US
ARL V39;TD;T6;7763452;91;574;0.72;84802;48.22%;1331;1045;FR
FV3805;SPG;T9;8620372;251;1372;0.8;34295;49.94%;1530;1329;GB
KV-1;Heavy;T5;91428234;240;464;0.87;380418;50.67%;1041;828;SU
Nashorn;TD;T6;16291047;100;691;0.85;162402;48.23%;1261;1203;DE
Premium T23E3;Medium;T7;717403;93;1037;1.22;7702;55.40%;2085;1967;US
Bat.-Châtillon 155 58;SPG;T10;16472666;461;1588;0.95;35666;49.21%;1454;1326;FR
FV304;SPG;T6;22099133;191;655;0.84;115580;51.47%;1338;1019;GB
SU-122-54;TD;T9;4246989;177;1577;1.01;23921;50.12%;1659;1577;SU
Jagdpanzer E 100;TD;T10;29743610;355;2032;1.03;83596;49.51%;1387;1438;DE
AMX AC mle. 48;TD;T8;9022928;177;1211;0.89;50794;49.51%;1490;1377;FR
FV207;SPG;T8;10377916;196;1046;0.74;52897;49.56%;1464;1189;GB
A-43;Medium;T6;8259403;93;539;0.77;88537;50.96%;1323;1180;SU
E 50 Ausf. M;Medium;T10;16191057;289;2120;1.09;56006;51.52%;1610;1662;DE
Conqueror Gun Carriage;SPG;T10;10181367;376;1807;0.83;27054;51.25%;1605;1439;UK
A-44;Medium;T7;7386899;97;813;0.83;75861;51.58%;1394;1391;SU
Pz.Kpfw. I Ausf. C;Light;T3;27099753;101;183;0.81;265745;51.98%;1005;718;DE
Premium M4 Improved;Medium;T5;527394;13;408;0.77;38928;52.68%;1150;1044;US
Pz.Kpfw. I;Light;T2;2205001;9;71;0.41;236743;47.22%;877;352;DE
Sherman III;Medium;T5;3326640;65;389;0.75;50649;51.12%;1177;1086;GB
Pz.Kpfw. II Ausf. G;Light;T3;3752033;25;136;0.5;145223;50.65%;938;504;DE
T110E4;TD;T10;21505118;286;2073;1.02;74974;49.24%;1426;1480;US
Somua S35;Medium;T3;953796;17;203;0.79;54597;52.09%;847;676;FR
FV4004 Conway;TD;T9;6190488;147;1668;1.01;41875;50.26%;1507;1526;UK
Object 416;Medium;T8;9331309;162;1158;0.89;57393;51.31%;1507;1503;SU
Durchbruchswagen 2;Heavy;T4;6739068;41;173;0.5;163603;47.71%;973;511;DE
Premium T26E4 SuperPershing;Medium;T8;46393826;411;1023;0.77;112807;49.84%;1262;1243;US
Archer;TD;T5;2616698;38;436;0.77;68218;49.99%;1237;954;GB
Object 268;TD;T10;12242875;227;2174;1.12;53782;49.22%;1469;1512;SU
VK 20.01 (D);Medium;T4;1945039;38;146;0.42;50127;48.65%;962;466;DE
T-62A;Medium;T10;19065716;301;1945;1.08;63152;50.80%;1600;1591;SU
Indien-Panzer;Medium;T8;11820762;178;981;0.71;66338;48.69%;1345;1292;DE
T110E3;TD;T10;9804649;219;2191;1.07;44611;51.44%;1499;1559;US
Premium AMX 50 Foch (155);TD;T10;7200500;213;2304;1.25;33663;50.75%;1602;1564;FR
FV4005 Stage II;TD;T10;8791791;255;2202;1.17;34347;50.38%;1545;1443;UK
VK 30.01 (D);Medium;T6;9308670;124;491;0.65;74482;49.04%;1111;912;DE
M48A5 Patton;Medium;T10;9544257;226;2219;1.14;42089;51.96%;1702;1773;US
AMX ELC bis;Light;T5;43199474;149;313;0.49;289422;50.61%;1130;823;FR
Challenger;TD;T7;6080816;90;913;0.89;67498;50.43%;1377;1292;GB
Object 263;TD;T10;3563160;202;2279;1.19;17635;52.03%;1733;1765;SU
Aufklärungspanzer Panther;Light;T7;3528503;109;475;0.41;32143;48.44%;1443;991;DE
Bat.-Châtillon 155 55;SPG;T9;15095402;312;1270;0.77;48336;48.70%;1366;1210;FR
Achilles;TD;T6;3715411;69;676;0.86;53384;50.70%;1336;1270;GB
Leopard 1;Medium;T10;12654973;260;2017;1.07;48591;49.71%;1581;1583;DE
T69;Medium;T8;18411983;187;1101;0.89;98370;50.72%;1400;1424;US
AMX 105 AM mle. 47;SPG;T4;5260445;47;262;0.67;109618;49.97%;1009;825;FR
Charioteer;TD;T8;8100984;144;1314;0.93;56010;50.73%;1459;1432;GB
Leopard Prototyp A;Medium;T9;16758040;241;1435;0.85;69473;49.16%;1483;1402;DE
T57 Heavy Tank;Heavy;T10;23920013;295;2181;1.16;80912;50.31%;1538;1657;US
SARL 42;Medium;T4;1218420;29;231;0.56;41048;49.62%;935;743;FR
T-70;Light;T3;2564448;21;150;0.6;120194;49.34%;875;586;SU
G.Pz. Mk. VI (e);SPG;T2;2121950;9;50;0.38;226049;47.63%;796;257;DE
T21;Light;T6;11095693;95;325;0.38;116629;49.08%;1282;868;US
FCM 36;Light;T2;553757;5;104;0.59;94756;49.25%;752;534;FR
T-60;Light;T2;1846349;11;109;0.61;156848;50.42%;864;501;SU
G.W. Tiger (P);SPG;T8;21795006;245;1064;0.72;88725;48.89%;1200;1160;DE
T54E1;Medium;T9;23082635;230;1591;1.06;100260;50.49%;1478;1555;US
AMX 30 B;Medium;T10;2934607;120;2017;1.06;24379;50.24%;1680;1619;FR
Premium Chieftain/T95;Medium;T8;519888;98;1421;1.02;5261;56.32%;2247;2198;UK
Premium Object 907;Medium;T10;5962921;271;2647;1.5;21945;58.01%;2076;2248;SU
Pz.Sfl. IVb;SPG;T4;6842775;51;273;0.7;133162;50.19%;925;705;DE
T71 DA;Light;T7;25617357;204;641;0.64;125103;50.51%;1340;1258;US
AMX 30 1er prototype;Medium;T9;9126317;208;1677;1.03;43852;51.74%;1593;1656;FR
Super Conqueror;Heavy;T10;6988539;99;2351;1.05;69913;51.47%;1541;1580;UK
T-80;Light;T4;3712158;45;154;0.41;81202;49.13%;910;623;SU
VK 30.02 (M);Medium;T6;9792637;91;566;0.72;106592;49.28%;1260;1180;DE
Premium M60;Medium;T10;951276;132;2569;1.3;7202;55.24%;2244;2278;US
Renault R35;Light;T2;420007;8;138;0.83;49147;52.29%;788;594;FR
FV217 Badger;TD;T10;2024529;49;1992;0.97;41081;49.94%;1511;1347;UK
SU-14-1;SPG;T7;6946549;203;797;0.72;34179;49.76%;1182;1065;SU
Pz.Sfl. IVc;TD;T5;15698246;80;431;0.76;194446;48.01%;1186;966;DE
M53/M55;SPG;T9;27184797;392;1463;0.84;69340;50.70%;1434;1357;US
SU-122A;SPG;T5;4838303;72;364;0.65;67191;48.53%;1060;665;SU
Waffenträger auf Pz. IV;TD;T9;26377424;269;1672;1;97994;48.98%;1405;1428;DE
M44;SPG;T6;26701403;170;687;0.86;156396;50.94%;1236;1109;US
AMX 65 t;Heavy;T8;2545085;76;987;0.6;33206;48.49%;1420;1119;FR
MT-25;Light;T6;17668265;122;311;0.43;144081;50.63%;1330;904;SU
Rhm.-Borsig Waffenträger;TD;T8;48681799;391;1424;1.06;124343;50.06%;1363;1483;DE
T37;Light;T6;26145177;155;487;0.57;167646;51.14%;1275;1298;US
AMX M4 mle. 51;Heavy;T9;2047341;110;1936;1.04;18516;54.53%;1618;1797;FR
Object 140;Medium;T10;31564039;321;2076;1.14;98057;51.56%;1571;1629;SU
Waffenträger auf E 100;TD;T10;13625214;331;2301;1.37;41101;49.31%;1544;1572;DE
AMX M4 mle. 54;Heavy;T10;930933;81;2117;0.93;11490;50.35%;1645;1601;FR
Object 430B;Medium;T10;2711881;155;2034;1.18;17459;52.35%;1749;1788;SU
Pz.Kpfw. IV Ausf. A;Medium;T3;1890441;20;138;0.57;93669;49.08%;818;494;DE
AMX 13 105;Light;T10;5924527;163;1622;1.02;36195;50.28%;1630;1735;FR
Pz.Kpfw. IV Ausf. D;Medium;T4;3576260;45;198;0.49;79006;48.88%;900;606;DE
Bat.-Châtillon 12 t;Light;T8;15932310;120;713;0.61;131975;49.16%;1251;1108;FR
Object 430 Version II;Medium;T9;6823499;206;1600;1.03;32990;52.98%;1646;1723;SU
AMX 50 Foch B;TD;T10;1254491;51;2122;1.23;24516;50.77%;1620;1486;FR
StuG III Ausf. B;TD;T4;2613946;39;254;0.75;65991;49.65%;918;603;DE
M41 Walker Bulldog;Light;T8;30768680;247;687;0.64;124248;50.44%;1376;1224;US
Panhard AMD 178B;Light;T6;4128179;49;399;0.58;82579;50.67%;1235;1043;FR
T-54 ltwt.;Light;T9;22462853;294;1040;0.74;76297;51.48%;1566;1596;SU
Pz.Kpfw. IV Ausf. H;Medium;T5;51316170;187;343;0.71;274131;49.75%;1085;780;DE
T49;Light;T9;29963962;340;941;0.64;87969;50.12%;1457;1279;US
Hotchkiss EBR;Light;T7;3121637;70;646;0.71;44462;51.21%;1409;1358;FR
LTTB;Light;T8;13670641;150;689;0.62;90569;51.21%;1477;1375;SU
Spähpanzer Ru 251;Light;T9;20029326;319;912;0.65;62761;50.26%;1494;1384;DE
T18 HMC;SPG;T3;469459;12;116;0.47;37916;49.20%;814;412;US
Panhard AML Lynx 6x6;Light;T8;2599229;81;789;0.63;32077;50.81%;1541;1341;FR
KV-1S;Heavy;T5;17253655;104;418;0.77;164540;50.79%;937;805;SU
Mäuschen;Heavy;T9;4292672;114;1573;0.85;37409;51.49%;1311;1380;DE
T82 HMC;SPG;T4;843497;30;211;0.54;27630;49.04%;886;577;US
Panhard EBR 90;Light;T9;1655405;98;988;0.74;16847;52.70%;1666;1482;FR
Spähpanzer SP I C;Light;T7;10622914;124;660;0.59;85282;49.40%;1281;1273;DE
Panhard EBR 105;Light;T10;1444744;110;1443;0.88;13016;52.96%;1751;1454;FR
T-100 LT;Light;T10;6492167;163;1367;0.88;39804;51.19%;1661;1583;SU
Grille 15;TD;T10;20192540;278;2166;1.14;72458;49.35%;1477;1444;DE
LTG;Light;T7;2706316;82;672;0.77;32934;51.23%;1277;1404;SU
Pz.Kpfw. VII;Heavy;T10;2161668;77;2043;0.92;27735;50.95%;1445;1435;DE
XM551 Sheridan;Light;T10;3094701;107;1389;0.77;28776;48.76%;1562;1384;US
Object 257;Heavy;T9;8507735;86;1368;0.75;98700;49.63%;1106;1147;SU
VK 100.01 (P);Heavy;T8;8499054;121;1142;0.74;69871;51.96%;1264;1309;DE
T71 CMCD;Light;T7;1759173;68;549;0.61;25867;49.33%;1166;1125;US
Object 430U;Medium;T10;6951080;122;2303;1.17;56568;52.88%;1574;1674;SU
Rheinmetall Panzerwagen;Light;T10;1838567;107;1222;0.69;17042;47.62%;1601;1331;DE
Object 268 Version 4;TD;T10;4493658;111;2406;1.15;40365;54.60%;1607;1619;SU
HWK 12;Light;T8;3034069;78;702;0.56;38713;49.59%;1245;1053;DE
IS-M;Heavy;T8;5828541;78;1085;0.68;73796;50.32%;1290;1139;SU
Object 705;Heavy;T9;4205676;100;1652;0.89;42049;52.50%;1427;1559;SU
Object 705A;Heavy;T10;3046926;95;2098;0.94;31772;51.20%;1471;1530;SU
Object 263;TD;T9;3966685;114;1727;0.99;34669;52.03%;1467;1503;SU
Object 430;Medium;T9;9038094;147;1780;1.09;61340;53.36%;1433;1617;SU
K-91;Medium;T10;562035;54;1998;1.08;10364;49.95%;1670;1525;SU
Object 277;Heavy;T10;4863012;73;2177;0.97;65725;50.78%;1444;1514;SU
Premium Panhard EBR 75 (FL 10);Light;T8;3060324;87;927;0.76;35130;52.46%;1432;1325;FR
Premium T-116;Light;T3;413399;5;163;0.61;78644;50.41%;806;868;SU
Premium SU-130PM;TD;T8;7963314;172;1548;1.09;46047;52.28%;1448;1545;SU
Premium T-50-2;Light;T6;4212973;22;407;0.58;183276;51.16%;1055;987;SU
Premium LT-432;Light;T8;4056852;79;957;0.8;50878;53.32%;1418;1521;SU
Premium IS-2M;Heavy;T7;42734;27;1042;0.99;1545;53.88%;1239;1437;SU
Premium Object 279 early;Heavy;T10;242348;115;3425;1.58;2090;64.52%;2273;2165;SU
Premium T-34 shielded;Medium;T5;1556715;26;417;0.75;59504;51.52%;1183;1239;SU
Premium STG Guard;Medium;T8;1442862;120;1158;0.77;11929;50.63%;1282;1302;SU
Premium HWK 30;Light;T8;568256;42;898;0.66;13221;50.64%;1331;1360;DE
Premium STG;Medium;T8;992630;74;1158;0.77;13347;50.15%;1242;1263;SU
Premium MKA;Light;T2;1245110;8;189;0.98;141388;51.01%;860;1009;DE
Premium T-29;Medium;T3;5106574;22;215;0.81;231167;50.72%;934;993;SU
Premium Loza's M4-A2 Sherman;Medium;T6;99804;25;541;0.7;3905;49.62%;1185;1066;SU
Premium VK 168.01 Mauerbrecher;Heavy;T8;1335991;30;1049;0.66;44001;50.13%;1192;1139;DE
Premium T-103;TD;T8;198386;45;1272;0.85;4348;50.14%;1246;1302;SU
Premium Kanonenjagdpanzer 105;TD;T8;1170226;55;1301;0.89;20992;50.12%;1235;1227;DE
Premium Object 252U Defender;Heavy;T8;9264214;160;1419;0.9;57833;53.89%;1341;1495;SU
Premium VK 168.01 (P);Heavy;T8;6250;12;1161;0.74;485;50.45%;1185;1414;DE
Premium Tiger 131;Heavy;T6;1534372;71;695;0.81;21569;51.89%;1171;1355;DE
Premium IS-6 B;Heavy;T8;490248;114;1144;0.85;4279;50.85%;1311;1393;SU
Premium Object 252U;Heavy;T8;3958381;165;1453;0.92;23970;54.56%;1395;1553;SU
Premium KV-122;Heavy;T7;545562;43;859;0.76;12647;50.38%;1178;1187;SU
Premium Schwarzpanzer 58;Medium;T8;483644;93;973;0.68;5153;49.09%;1333;1269;DE
Premium Rheinmetall Skorpion G;TD;T8;55208813;282;1415;0.98;195249;50.91%;1092;1087;DE
Premium T-45;Light;T2;2061751;16;163;0.91;127481;51.91%;1105;854;SU
Premium leKpz M 41 90 mm GF;Light;T8;12345780;239;879;0.67;51485;51.20%;1472;1480;DE
Premium KV-220-2 Beta Test;Heavy;T5;1837;68;683;1.36;27;58.08%;2148;2592;SU
Premium Progetto M35 mod. 46;Medium;T8;19998065;194;1408;1.04;102659;52.16%;1358;1492;IT
Premium Matilda IV;Medium;T5;4962294;85;451;0.99;57703;53.63%;1184;1163;SU
Premium Pz.Kpfw. V/IV;Medium;T5;358475;71;619;1.17;5046;55.09%;1558;1852;DE
Premium T2 Light Tank;Light;T2;5062861;76;159;0.91;66276;52.93%;1358;839;US
Premium Type 3 Chi-Nu Kai;Medium;T5;8076541;96;468;0.85;83371;51.18%;1348;1194;JP
Premium Škoda T 40;Medium;T6;7030931;146;701;0.89;48008;50.93%;1357;1372;CZ
Premium Strv m/42-57 Alt A.2;Medium;T6;5639054;96;723;0.96;58475;51.57%;1242;1280;SE
Premium Churchill III;Heavy;T5;17091430;155;493;0.97;109854;51.89%;1142;1036;SU
Premium Pz.Kpfw. II Ausf. J;Light;T3;788023;87;343;1.72;9004;63.96%;1508;1392;DE
Premium Ram II;Medium;T5;1668217;92;440;0.91;18052;54.22%;1282;1250;US
Premium Škoda T 27;Medium;T8;1184755;72;1263;0.91;16373;50.65%;1352;1498;CZ
Premium L-60;Light;T2;2083894;10;97;0.52;207483;49.20%;945;566;SE
Premium Pz.Kpfw. S35 739 (f);Medium;T3;4864870;99;340;1.42;48885;58.14%;1232;1233;DE
Premium MTLS-1G14;Light;T3;1982236;16;241;0.85;121541;51.52%;1111;1102;US
Premium STA-2;Medium;T8;3779334;101;1103;0.78;37246;50.25%;1376;1355;JP
Premium Strv S1;TD;T8;16312758;203;1416;0.93;79984;50.85%;1234;1236;SE
Premium BT-SV;Light;T3;163730;49;308;1.31;3325;56.72%;1461;1436;SU
Premium Pz.Kpfw. B2 740 (f);Heavy;T4;4336843;66;465;1.53;65263;57.23%;1291;1092;DE
Premium M4A2E4 Sherman;Medium;T5;637737;110;358;0.82;5785;51.51%;1581;809;US
Premium Heavy Tank No. VI;Heavy;T6;6223527;83;701;0.84;74521;51.84%;1349;1365;JP
Premium Strv 81;Medium;T8;67;13;1302;0.67;5;46.27%;2081;1638;SE
Premium Valentine II;Light;T4;3243139;32;323;1.07;100877;52.68%;1152;892;SU
Premium Pz.Kpfw. 38H 735 (f);Light;T2;2098249;143;317;1.97;14590;57.15%;1450;1250;DE
Premium M6A2E1;Heavy;T8;1059332;82;1255;0.86;12791;51.52%;1489;1492;US
Tortoise;TD;T9;10453727;212;1675;1;49156;51.10%;1476;1520;GB
Premium Primo Victoria;Medium;T8;2033050;105;965;0.63;19298;49.93%;1245;1219;SE
Premium M3 Light;Light;T3;1670133;34;125;0.51;48552;47.84%;1172;504;SU
Premium M22 Locust;Light;T3;2445598;69;219;0.88;35094;54.35%;1251;988;US
Premium AC 1 Sentinel;Medium;T4;569989;15;286;0.71;37703;53.16%;1254;1159;UK
Premium EMIL 1951;Heavy;T8;292672;26;1652;1.14;10922;55.27%;1556;1752;SE
Premium A-32;Medium;T4;107474;180;232;0.73;595;52.88%;1692;675;SU
Premium Lansen C;Medium;T8;869138;62;1317;0.94;13796;51.73%;1309;1435;SE
Premium KV-5;Heavy;T8;11633826;454;1178;0.95;25574;51.17%;1369;1373;SU
Premium T-127;Light;T3;4362161;55;296;1.32;78951;55.11%;1128;944;SU
Premium T1E6;Light;T2;3058383;20;108;0.58;152115;50.20%;1132;480;US
Premium Matilda Black Prince;Medium;T5;3623071;67;448;0.91;53727;52.07%;1142;1062;UK
Premium SU-85I;TD;T5;1407842;84;539;1.13;16611;51.85%;1336;1274;SU
Premium T95E2;Medium;T8;417075;46;1169;0.88;8886;52.90%;1623;1618;US
Premium TOG II*;Heavy;T6;9346618;87;728;0.93;106573;50.49%;1323;1069;UK
Premium KV-220-2;Heavy;T5;3049037;47;620;1.25;63636;57.95%;1266;1224;SU
Premium Pz.Kpfw. V/IV Alpha;Medium;T5;8149;281;478;0.77;29;52.25%;2026;1251;DE
Premium AT 15A;TD;T7;2554473;137;881;0.91;18539;51.98%;1247;1238;UK
Premium SU-76I;TD;T3;64480;155;465;2.19;414;62.60%;1599;1712;SU
Premium Löwe;Heavy;T8;53523769;425;1141;0.73;125830;49.62%;1169;1190;DE
Premium Excelsior;Heavy;T5;5641764;76;445;0.91;73916;51.59%;1129;961;UK
Premium Tetrarch;Light;T2;4538903;23;210;1.2;191131;54.65%;1098;984;SU
Premium Pz.Kpfw. T 25;Medium;T5;16545083;152;458;0.88;108313;52.33%;1187;1198;DE
Premium Sexton I;SPG;T3;511087;34;244;1.01;14657;53.84%;1378;965;UK
Premium SU-100Y;TD;T6;11825948;218;742;1;54171;52.17%;1196;1183;SU
Premium Pz.Kpfw. T 15;Light;T3;1980754;51;207;0.86;38316;55.40%;1355;948;DE
Premium Light Mk. VIC;Light;T2;3283727;17;116;0.76;186813;49.94%;1139;538;UK
Premium Pz.Kpfw. IV hydrostat.;Medium;T5;349012;51;517;1.02;6808;52.04%;1415;1432;DE
Premium T7 Combat Car;Light;T2;3766918;17;95;0.6;214320;50.26%;1057;417;US
Premium FV201 (A45);Heavy;T7;660232;54;841;0.77;12190;51.40%;1245;1184;UK
Premium SU-122-44;TD;T7;17879031;305;1058;1.15;58494;53.36%;1382;1452;SU
Premium 8,8 cm Pak 43 Jagdtiger;TD;T8;17876589;251;1141;0.83;71050;48.71%;1296;1145;DE
Premium E 25;TD;T7;32490127;335;1035;1.31;96791;52.23%;1367;1467;DE
Premium FV4202;Medium;T8;13013066;172;1068;0.73;75573;50.68%;1304;1303;UK
Premium T95E6;Medium;T10;484801;93;2485;1.28;5167;54.41%;2176;2071;US
Premium Cromwell B;Medium;T6;13435924;203;778;1.12;65932;55.77%;1365;1491;UK
Premium VK 75.01 (K);Heavy;T8;371510;24;1334;0.79;15026;51.27%;1275;1322;DE
Premium M4A3E8 Fury;Medium;T6;2161283;111;619;0.84;19448;52.13%;1294;1251;US
Premium AC 4 Experimental;Medium;T6;679887;46;688;0.85;14738;51.40%;1157;1193;UK
Premium M56 Scorpion;TD;T7;3118659;111;963;0.91;28014;50.94%;1286;1288;US
Premium LTP;Light;T3;6323394;28;171;0.74;225559;50.14%;1089;684;SU
Premium T28 Concept;TD;T7;7624830;55;985;0.93;136952;53.36%;1426;1429;US
Premium Caernarvon Action X;Heavy;T8;4271568;74;1186;0.73;57164;51.30%;1388;1403;UK
Premium Centurion Mk. 5/1 RAAC;Medium;T8;2093318;37;1113;0.73;55503;51.75%;1232;1283;UK
Premium Dicker Max;TD;T6;18376022;181;738;0.95;101408;50.51%;1307;1234;DE
Premium M46 Patton KR;Medium;T8;3595630;154;1072;0.77;23226;50.92%;1347;1352;US
Premium Sherman VC Firefly;Medium;T6;184281;35;729;0.9;5171;51.89%;1266;1301;UK
Premium Pz.Kpfw. IV Schmalturm;Medium;T6;4664275;183;623;0.8;25465;50.12%;1285;1174;DE
Premium T25 Pilot Number 1;Medium;T8;9715880;193;1104;0.76;50154;51.01%;1528;1558;US
Premium Chimera;Medium;T8;198660;38;1993;1.35;5225;60.11%;2017;2103;UK
Premium Panther/M10;Medium;T7;5315941;168;809;0.88;31571;51.06%;1329;1360;DE
Premium Excalibur;TD;T6;300305;17;955;1.26;17308;56.08%;1647;1716;UK
Premium T92;Light;T8;3613094;71;683;0.58;50338;50.14%;1280;1070;US
Premium T95/FV4201 Chieftain;Heavy;T10;953075;105;3157;1.43;9041;58.21%;2157;2232;UK
Premium T-34-85M;Medium;T6;23796523;150;717;0.91;158550;52.11%;1124;1199;SU
Premium Object 260;Heavy;T10;2690042;124;2511;1.16;21651;55.23%;1945;2076;SU
Premium FV1066 Senlac;Light;T8;31836;10;871;0.68;3053;50.84%;1338;1335;UK
Premium ISU-130;TD;T8;1099;122;1784;1.24;9;58.60%;1867;1628;SU
Premium VK 72.01 (K);Heavy;T10;1607401;175;2550;1.19;9173;56.54%;2108;2173;DE
Premium Chrysler K GF;Heavy;T8;1604907;125;1203;0.73;12784;52.19%;1378;1401;US
GSOR3301 AVR FS;Light;T9;187381;77;1011;0.68;2429;51.39%;1705;1561;UK
Premium IS-5 (Object 730);Heavy;T8;1544260;188;1605;1.13;8193;58.90%;2176;2185;SU
Premium T26E5;Heavy;T8;2573621;79;1172;0.75;32200;52.29%;1394;1320;US
Manticore;Light;T10;48616;32;1524;0.84;1514;52.33%;1734;1550;UK
Premium IS-2;Heavy;T7;2921088;110;1059;1.01;26397;54.30%;1289;1385;SU
Premium T26E5 Patriot;Heavy;T8;5655468;186;1233;0.81;30292;52.98%;1456;1507;US
Premium T-34-85 Rudy;Medium;T6;6778441;191;775;1.01;35470;54.34%;1329;1483;SU
Premium T34 B;Heavy;T8;1324148;64;1105;0.65;20477;49.54%;1287;1283;US
LHMTV;Light;T8;261373;53;846;0.65;4875;51.90%;1604;1493;UK
Premium ISU-122S;TD;T7;2059853;49;931;1;41772;51.22%;1122;1178;SU
Premium Großtraktor - Krupp;Medium;T3;339788;23;262;1.04;14618;54.19%;1211;943;DE
Premium M4A3E8 Thunderbolt VII;Medium;T6;1097411;65;659;0.84;16783;52.66%;1276;1336;US
GSR 3301 Setter;Light;T7;386523;32;554;0.57;11854;49.75%;1385;1133;UK
Premium T-54 first prototype;Medium;T8;15330676;242;1060;0.79;63122;51.32%;1304;1341;SU
Premium T26E3 Eagle 7;Medium;T7;190725;13;968;0.93;13907;54.36%;1233;1361;US
Premium Object 244;Heavy;T6;14;14;1128;1.43;1;85.71%;1708;2222;SU
Premium Panther mit 8,8 cm L/71;Medium;T8;7911000;212;932;0.66;37172;47.72%;1247;1144;DE
Premium Chrysler K;Heavy;T8;199635;43;1211;0.72;4610;51.68%;1285;1278;US
Premium IS-3A;Heavy;T8;5275302;94;1315;0.91;55554;52.85%;1356;1450;SU
Premium Pz.Kpfw. II Ausf. D;Light;T2;2162530;11;96;0.51;196129;50.09%;1074;448;DE
Premium TS-5;TD;T8;2301480;60;1444;1.01;37759;53.04%;1365;1485;US
Premium StuG IV;TD;T5;7261720;34;410;0.82;209252;48.44%;1262;954;DE
Premium Bretagne Panther;Medium;T6;74617;17;719;0.96;4244;53.21%;1210;1326;FR
Premium BT-7 artillery;Light;T3;6312490;38;175;0.71;164696;50.92%;1139;753;SU
Premium T 55A;Medium;T9;6990865;109;1802;1.14;63893;54.21%;1701;1815;DE
Premium T78;TD;T6;184848;30;900;1.18;6048;54.68%;1328;1451;US
Premium M10 RBFM;TD;T5;1997947;20;477;0.9;97361;50.49%;1106;1053;FR
Premium T-28E with F-30;Medium;T4;1963793;39;475;1.2;50250;56.61%;1315;1356;SU
Premium Pz.Kpfw. III Ausf. K;Medium;T5;139266;20;405;0.75;6704;51.32%;1229;1192;DE
Premium King Tiger (Captured);Heavy;T7;662791;23;1004;0.83;27698;52.56%;1256;1364;US
Premium ELC EVEN 90;Light;T8;6408911;122;779;0.72;52201;52.25%;1273;1235;FR
Premium T-22 medium;Medium;T10;259009;192;2615;1.43;1346;61.44%;2300;2482;SU
Premium Krupp-Steyr Waffenträger;TD;T7;1945521;93;890;0.85;20819;49.56%;1194;1162;DE
Premium AE Phase I;Heavy;T9;133754;17;2045;1.03;7517;53.93%;1611;1732;US
Premium AMX Canon d'assaut 105;TD;T8;1647987;87;1271;0.87;18825;50.11%;1263;1208;FR
Premium T-44-100;Medium;T8;8191435;257;1269;0.96;31837;53.21%;1547;1737;SU
Premium Kanonenjagdpanzer;TD;T8;987082;121;918;0.71;8100;46.10%;1277;1013;DE
Premium M41D;Light;T8;264825;30;836;0.67;8677;49.71%;1377;1389;CN
Premium AMX M4 1949 Liberte;Heavy;T8;4917647;214;1179;0.73;22966;51.62%;1369;1385;FR
Premium KV-4 KTTS;TD;T8;3;3;689;0.67;1;33.33%;1268;486;SU
Premium Somua SM;Heavy;T8;3165623;46;1413;1;68142;52.16%;1246;1280;FR
Premium Skorpion;Light;T8;886964;103;1441;1.01;8552;51.48%;1409;1519;DE
Premium Lorraine 40 t;Medium;T8;12592372;161;1386;1.01;78048;52.21%;1319;1414;FR
Premium AMX M4 mle. 49;Heavy;T8;2465812;74;1122;0.66;32958;50.42%;1275;1212;FR
Premium VK 45.03;Heavy;T7;1654163;96;957;0.82;17202;51.79%;1208;1250;DE
Premium M4A1 Revalorisé;Medium;T8;8453775;103;1242;0.83;81350;50.84%;1242;1128;FR
Premium KV-4 Kreslavskiy;Heavy;T8;87731;66;1467;0.95;1323;57.36%;2319;2010;SU
Premium Turán III prototípus;Medium;T5;760792;18;452;0.82;41816;51.54%;1142;1108;DE
Premium WZ-120-1G FT;TD;T8;7808198;131;1384;1.02;59570;52.22%;1290;1294;CN
Premium AMX 13 57 GF;Light;T7;4421444;252;785;0.9;17498;52.76%;1448;1484;FR
Premium 43 M. Toldi III;Light;T3;2538232;13;116;0.38;194409;49.13%;1042;602;DE
Premium 121B;Medium;T10;303558;68;2452;1.24;4463;54.54%;2234;2217;CN
Premium AMX Chasseur de chars;Medium;T8;22329294;301;1109;0.81;74181;50.03%;1420;1339;FR
Premium Panzer 58;Medium;T8;7;7;813;0.71;1;28.57%;1268;688;DE
Premium 59-Patton;Medium;T8;1197598;78;907;0.67;15187;48.61%;1261;1101;CN
Premium AMX 13 57;Light;T7;2671375;84;913;1.08;31483;54.51%;1365;1537;FR
Premium leKpz M 41 90 mm;Light;T8;1428778;70;866;0.66;20156;50.92%;1345;1307;DE
Premium T-34-3;Medium;T8;9820757;287;1133;0.9;34166;49.97%;1386;1411;CN
Premium FCM 50 t;Heavy;T8;12190579;323;1310;0.99;37671;51.81%;1593;1589;FR
Premium Panzer 58 Mutz;Medium;T8;4059320;149;1083;0.77;27243;50.47%;1357;1334;DE
Premium 112;Heavy;T8;6267670;140;1078;0.77;44592;50.04%;1284;1315;CN
Premium KV-2 (R);Heavy;T6;1221739;83;831;1.07;14634;54.21%;1315;1378;SU
Premium Type 64;Light;T6;26270715;232;584;0.78;112941;51.91%;1343;1403;CN
Premium WZ-111 Alpine Tiger;Heavy;T8;315946;43;1126;0.77;7282;50.45%;1332;1329;CN
